{"cameraMode":{"drawMode":0,"name":"Shaded","section":"Shading Mode"},"sceneLighting":false,"audioPlay":false,"sceneViewState":{"m_AlwaysRefresh":true,"showFog":true,"showSkybox":false,"showFlares":true,"showImageEffects":true,"showParticleSystems":true,"showVisualEffectGraphs":true,"m_FxEnabled":false},"in2DMode":false,"pivot":{"x":-0.03210151195526123,"y":1.3398716449737549,"z":-3.421999931335449},"rotation":{"x":0.19905218482017518,"y":-0.00882030837237835,"z":0.0017880508676171303,"w":0.9799519777297974},"size":1.5002741813659669,"orthographic":false}