{"cameraMode":{"drawMode":0,"name":"Shaded","section":"Shading Mode"},"sceneLighting":false,"audioPlay":false,"sceneViewState":{"m_AlwaysRefresh":false,"showFog":true,"showSkybox":false,"showFlares":true,"showImageEffects":true,"showParticleSystems":true,"showVisualEffectGraphs":true,"m_FxEnabled":true},"in2DMode":false,"pivot":{"x":-2.6695480346679689,"y":1.3300000429153443,"z":-0.26075613498687746},"rotation":{"x":0.40363508462905886,"y":-0.007412659469991922,"z":0.0032699701841920616,"w":0.9148873686790466},"size":0.8660253882408142,"orthographic":false}