{"cameraMode":{"drawMode":0,"name":"Shaded","section":"Shading Mode"},"sceneLighting":true,"audioPlay":false,"sceneViewState":{"m_AlwaysRefresh":false,"showFog":true,"showSkybox":true,"showFlares":true,"showImageEffects":true,"showParticleSystems":true,"showVisualEffectGraphs":true,"m_FxEnabled":true},"in2DMode":false,"pivot":{"x":0.9536629915237427,"y":-0.35443973541259768,"z":0.5538082122802734},"rotation":{"x":-0.3426761031150818,"y":-0.014938768930733204,"z":0.005449923686683178,"w":-0.9393197298049927},"size":8.164451599121094,"orthographic":false}