{"cameraMode":{"drawMode":0,"name":"Shaded","section":"Shading Mode"},"sceneLighting":false,"audioPlay":false,"sceneViewState":{"m_AlwaysRefresh":false,"showFog":true,"showSkybox":false,"showFlares":true,"showImageEffects":true,"showParticleSystems":true,"showVisualEffectGraphs":true,"m_FxEnabled":true},"in2DMode":false,"pivot":{"x":0.5478825569152832,"y":-0.6409316062927246,"z":1.6463489532470704},"rotation":{"x":-0.32980015873908999,"y":-0.033412352204322818,"z":0.011680541560053826,"w":-0.9433899521827698},"size":3.6240475177764894,"orthographic":false}