{"cameraMode":{"drawMode":0,"name":"Shaded","section":"Shading Mode"},"sceneLighting":false,"audioPlay":false,"sceneViewState":{"m_AlwaysRefresh":true,"showFog":true,"showSkybox":false,"showFlares":true,"showImageEffects":true,"showParticleSystems":true,"showVisualEffectGraphs":true,"m_FxEnabled":false},"in2DMode":false,"pivot":{"x":-2.6695480346679689,"y":1.3300000429153443,"z":-0.26075613498687746},"rotation":{"x":0.15932126343250276,"y":-0.6713994741439819,"z":0.15112322568893434,"w":0.7078164219856262},"size":0.8660253882408142,"orthographic":false}