{"cameraMode":{"drawMode":0,"name":"Shaded","section":"Shading Mode"},"sceneLighting":false,"audioPlay":false,"sceneViewState":{"m_AlwaysRefresh":true,"showFog":true,"showSkybox":false,"showFlares":true,"showImageEffects":true,"showParticleSystems":true,"showVisualEffectGraphs":true,"m_FxEnabled":false},"in2DMode":false,"pivot":{"x":-8.729601860046387,"y":1.092000126838684,"z":-0.19797566533088685},"rotation":{"x":0.19905218482017518,"y":-0.00882030837237835,"z":0.0017880508676171303,"w":0.9799519777297974},"size":1.5865544080734254,"orthographic":false}