{"cameraMode":{"drawMode":0,"name":"Shaded","section":"Shading Mode"},"sceneLighting":true,"audioPlay":false,"sceneViewState":{"m_AlwaysRefresh":true,"showFog":true,"showSkybox":true,"showFlares":true,"showImageEffects":true,"showParticleSystems":true,"showVisualEffectGraphs":true,"m_FxEnabled":false},"in2DMode":false,"pivot":{"x":-3.271651268005371,"y":-0.23643207550048829,"z":-2.2336530685424806},"rotation":{"x":0.15932126343250276,"y":-0.6713994741439819,"z":0.15112322568893434,"w":0.7078164219856262},"size":6.997642993927002,"orthographic":false}