{"cameraMode":{"drawMode":0,"name":"Shaded","section":"Shading Mode"},"sceneLighting":true,"audioPlay":false,"sceneViewState":{"m_AlwaysRefresh":true,"showFog":true,"showSkybox":true,"showFlares":true,"showImageEffects":true,"showParticleSystems":true,"showVisualEffectGraphs":true,"m_FxEnabled":false},"in2DMode":false,"pivot":{"x":-1.0312985181808472,"y":-1.9853572845458985,"z":0.8217344284057617},"rotation":{"x":-0.5099298357963562,"y":0.07387431710958481,"z":-0.044012054800987247,"w":-0.8559054732322693},"size":6.411933898925781,"orthographic":false}