{"cameraMode":{"drawMode":0,"name":"Shaded","section":"Shading Mode"},"sceneLighting":true,"audioPlay":false,"sceneViewState":{"m_AlwaysRefresh":true,"showFog":true,"showSkybox":true,"showFlares":true,"showImageEffects":true,"showParticleSystems":true,"showVisualEffectGraphs":true,"m_FxEnabled":false},"in2DMode":false,"pivot":{"x":0.6368357539176941,"y":2.6509275436401369,"z":-0.13608789443969727},"rotation":{"x":0.19905218482017518,"y":-0.00882030837237835,"z":0.0017880508676171303,"w":0.9799519777297974},"size":5.113558769226074,"orthographic":false}