{"cameraMode":{"drawMode":0,"name":"Shaded","section":"Shading Mode"},"sceneLighting":true,"audioPlay":false,"sceneViewState":{"m_AlwaysRefresh":true,"showFog":true,"showSkybox":true,"showFlares":true,"showImageEffects":true,"showParticleSystems":true,"showVisualEffectGraphs":true,"m_FxEnabled":false},"in2DMode":false,"pivot":{"x":6.518517017364502,"y":0.7322640419006348,"z":-0.8435883522033691},"rotation":{"x":0.19905218482017518,"y":-0.00882030837237835,"z":0.0017880508676171303,"w":0.9799519777297974},"size":6.313559532165527,"orthographic":false}