{"cameraMode":{"drawMode":0,"name":"Shaded","section":"Shading Mode"},"sceneLighting":true,"audioPlay":false,"sceneViewState":{"m_AlwaysRefresh":true,"showFog":true,"showSkybox":true,"showFlares":true,"showImageEffects":true,"showParticleSystems":true,"showVisualEffectGraphs":true,"m_FxEnabled":false},"in2DMode":false,"pivot":{"x":-1.3567211627960206,"y":0.8048287630081177,"z":-0.8784315586090088},"rotation":{"x":0.2134597897529602,"y":-0.04980076849460602,"z":0.01089240238070488,"w":0.9756273031234741},"size":4.166025161743164,"orthographic":false}