{"cameraMode":{"drawMode":0,"name":"Shaded","section":"Shading Mode"},"sceneLighting":true,"audioPlay":false,"sceneViewState":{"m_AlwaysRefresh":true,"showFog":true,"showSkybox":true,"showFlares":true,"showImageEffects":true,"showParticleSystems":true,"showVisualEffectGraphs":true,"m_FxEnabled":false},"in2DMode":false,"pivot":{"x":949.033447265625,"y":482.71905517578127,"z":-51.77227783203125},"rotation":{"x":0.357264906167984,"y":-0.016811905428767206,"z":0.006428100168704987,"w":0.9338345527648926},"size":243.43646240234376,"orthographic":false}