{"cameraMode":{"drawMode":0,"name":"Shaded","section":"Shading Mode"},"sceneLighting":true,"audioPlay":false,"sceneViewState":{"m_AlwaysRefresh":true,"showFog":true,"showSkybox":true,"showFlares":true,"showImageEffects":true,"showParticleSystems":true,"showVisualEffectGraphs":true,"m_FxEnabled":false},"in2DMode":false,"pivot":{"x":-0.8726292848587036,"y":-0.8184051513671875,"z":-0.15720367431640626},"rotation":{"x":0.2412894070148468,"y":0.039290204644203189,"z":-0.009778202511370182,"w":0.9696100950241089},"size":5.129251956939697,"orthographic":false}