{"cameraMode":{"drawMode":0,"name":"Shaded","section":"Shading Mode"},"sceneLighting":true,"audioPlay":false,"sceneViewState":{"m_AlwaysRefresh":true,"showFog":true,"showSkybox":true,"showFlares":true,"showImageEffects":true,"showParticleSystems":true,"showVisualEffectGraphs":true,"m_FxEnabled":false},"in2DMode":false,"pivot":{"x":0.5660343170166016,"y":1.1224870681762696,"z":-0.7851405143737793},"rotation":{"x":0.19905218482017518,"y":-0.00882030837237835,"z":0.0017880508676171303,"w":0.9799519777297974},"size":7.251511096954346,"orthographic":false}