{"cameraMode":{"drawMode":0,"name":"Shaded","section":"Shading Mode"},"sceneLighting":true,"audioPlay":false,"sceneViewState":{"m_AlwaysRefresh":true,"showFog":true,"showSkybox":true,"showFlares":true,"showImageEffects":true,"showParticleSystems":true,"showVisualEffectGraphs":true,"m_FxEnabled":false},"in2DMode":false,"pivot":{"x":-0.8971233367919922,"y":2.752260208129883,"z":0.8746652603149414},"rotation":{"x":0.21958854794502259,"y":-0.007317483425140381,"z":0.0016434419667348266,"w":0.9755681157112122},"size":5.066025733947754,"orthographic":false}