{"cameraMode":{"drawMode":0,"name":"Shaded","section":"Shading Mode"},"sceneLighting":true,"audioPlay":false,"sceneViewState":{"m_AlwaysRefresh":true,"showFog":true,"showSkybox":true,"showFlares":true,"showImageEffects":true,"showParticleSystems":true,"showVisualEffectGraphs":true,"m_FxEnabled":false},"in2DMode":false,"pivot":{"x":-0.6814004182815552,"y":1.5313961505889893,"z":-0.4734151363372803},"rotation":{"x":0.2134597897529602,"y":-0.04980076849460602,"z":0.01089240238070488,"w":0.9756273031234741},"size":5.066025733947754,"orthographic":false}