{"cameraMode":{"drawMode":0,"name":"Shaded","section":"Shading Mode"},"sceneLighting":true,"audioPlay":false,"sceneViewState":{"m_AlwaysRefresh":true,"showFog":true,"showSkybox":true,"showFlares":true,"showImageEffects":true,"showParticleSystems":true,"showVisualEffectGraphs":true,"m_FxEnabled":false},"in2DMode":false,"pivot":{"x":-0.2362842559814453,"y":0.3398442268371582,"z":3.936868667602539},"rotation":{"x":0.1828513741493225,"y":-0.011798089370131493,"z":0.002190227387472987,"w":0.9830743670463562},"size":8.199443817138672,"orthographic":false}